{
  "n_rows": 8683,
  "auc": 0.9985761740385465,
  "accuracy": 0.9879074052746747,
  "confusion_matrix": [
    [
      4172,
      52
    ],
    [
      53,
      4406
    ]
  ]
}